keys,values
zone,2999
zombie,2998
zero,2997
youth,2996
young woman,2995
young man,2994
young girl,2993
young boy,2992
young,2991
york city,2990
york,2989
yes,2988
yell,2987
year old,2986
year late,2985
year ago,2984
year,2983
yeah,2982
wwii,2981
wrong,2980
writer director,2979
writer,2978
write direct,2977
write,2976
wrestle,2975
wreck,2974
wrap,2973
wow,2972
wound,2971
worthy,2970
worthwhile,2969
worth watch,2968
worth,2967
worst movie,2966
worst film,2965
worst,2964
worry,2963
world war,2962
world,2961
worker,2960
work film,2959
work,2958
word,2957
woody,2956
wooden,2955
wood,2954
wonderfully,2953
wonderful,2952
wonder,2951
woman,2950
wolf,2949
witty,2948
witness,2947
witch,2946
wit,2945
wish,2944
wise,2943
winter,2942
winner,2941
wing,2940
window,2939
wind,2938
win,2937
wilson,2936
williams,2935
william,2934
wild,2933
wife,2932
widow,2931
wide,2930
white,2929
whilst,2928
whatsoever,2927
western,2926
west,2925
werewolf,2924
welles,2923
welcome,2922
weird,2921
weight,2920
weekend,2919
week,2918
wedding,2917
web,2916
wear,2915
weapon,2914
wealthy,2913
weakness,2912
weak,2911
wayne,2910
way movie,2909
way make,2908
way film,2907
way,2906
wave,2905
water,2904
watchable,2903
watch time,2902
watch movie,2901
watch film,2900
watch,2899
waste time,2898
waste money,2897
waste,2896
washington,2895
wash,2894
warrior,2893
warner,2892
warn,2891
warm,2890
ward,2889
war,2888
want watch,2887
want movie,2886
want make,2885
want know,2884
want,2883
wanna,2882
wander,2881
walter,2880
wall,2879
walker,2878
walk,2877
wake,2876
wait,2875
vote,2874
von,2873
voice,2872
visuals,2871
visually,2870
visual,2869
visit,2868
vision,2867
virtually,2866
virgin,2865
violent,2864
violence,2863
vincent,2862
villain,2861
village,2860
viewer,2859
view,2858
vietnam,2857
video store,2856
video game,2855
video,2854
victoria,2853
victor,2852
victim,2851
vhs,2850
veteran,2849
version,2848
vehicle,2847
vega,2846
various,2845
variety,2844
van,2843
vampire,2842
value,2841
vacation,2840
utterly,2839
utter,2838
usually,2837
usual,2836
user,2835
useless,2834
use,2833
usa,2832
urban,2831
upset,2830
upper,2829
unusual,2828
unrealistic,2827
unnecessary,2826
unlikely,2825
unlike,2824
unless,2823
unknown,2822
universe,2821
universal,2820
unite state,2819
unite,2818
unique,2817
union,2816
uninteresting,2815
uninspired,2814
unfunny,2813
unfortunately,2812
unfortunate,2811
unforgettable,2810
unfold,2809
unexpected,2808
understand,2807
underrate,2806
underground,2805
unconvincing,2804
uncle,2803
unbelievable,2802
unable,2801
ultra,2800
ultimately,2799
ultimate,2798
ugly,2797
typical,2796
type movie,2795
type,2794
twist,2793
twin,2792
twice,2791
turn,2790
turkey,2789
tune,2788
try make,2787
try hard,2786
try,2785
truth,2784
trust,2783
truly,2782
true story,2781
true,2780
truck,2779
trouble,2778
trip,2777
trilogy,2776
trick,2775
tribute,2774
trial,2773
trek,2772
tree,2771
treatment,2770
treat,2769
treasure,2768
travel,2767
trash,2766
trap,2765
translate,2764
transform,2763
transfer,2762
train,2761
trailer,2760
trail,2759
tragic,2758
tragedy,2757
traditional,2756
tradition,2755
trade,2754
track,2753
toy,2752
town,2751
tower,2750
tour,2749
tough,2748
touch,2747
totally,2746
total,2745
torture,2744
topic,2743
tony,2742
tongue,2741
tone,2740
ton,2739
tommy,2738
tom,2737
toilet,2736
today,2735
title,2734
tire,2733
tiny,2732
time watch,2731
time time,2730
time think,2729
time saw,2728
time movie,2727
time money,2726
time make,2725
time film,2724
time,2723
tim,2722
till,2721
tight,2720
tie,2719
ticket,2718
thumb,2717
thug,2716
throw,2715
throat,2714
thriller,2713
thrill,2712
threaten,2711
threat,2710
thousand,2709
thought,2708
thoroughly,2707
thomas,2706
thirty,2705
think watch,2704
think provoke,2703
think movie,2702
think make,2701
think good,2700
think film,2699
think,2698
thing say,2697
thing movie,2696
thing make,2695
thing like,2694
thing happen,2693
thing film,2692
thing,2691
thief,2690
theory,2689
theme,2688
theatrical,2687
theatre,2686
theater,2685
thats,2684
thanks,2683
thankfully,2682
thank,2681
text,2680
texas,2679
test,2678
terrorist,2677
terror,2676
territory,2675
terrify,2674
terrific,2673
terribly,2672
terrible,2671
term,2670
tension,2669
tense,2668
tend,2667
tell story,2666
tell,2665
television,2664
teeth,2663
teenager,2662
teenage,2661
teen,2660
tedious,2659
ted,2658
technology,2657
technique,2656
technically,2655
technical,2654
tear,2653
team,2652
teacher,2651
teach,2650
taylor,2649
taste,2648
task,2647
tarzan,2646
target,2645
tarantino,2644
tape,2643
tap,2642
tank,2641
tall,2640
talk,2639
talented,2638
talent,2637
tale,2636
tag,2635
table,2634
sympathy,2633
sympathetic,2632
sword,2631
switch,2630
swing,2629
swim,2628
sweet,2627
sweep,2626
swear,2625
sutherland,2624
suspenseful,2623
suspense,2622
suspect,2621
susan,2620
survivor,2619
survive,2618
surround,2617
surreal,2616
surprisingly,2615
surprise,2614
surface,2613
surf,2612
surely,2611
sure,2610
supposedly,2609
suppose,2608
support role,2607
support cast,2606
support,2605
supernatural,2604
superman,2603
superior,2602
superb,2601
super,2600
sunday,2599
sun,2598
summer,2597
summary,2596
sum,2595
suit,2594
suicide,2593
suggest,2592
suffer,2591
suddenly,2590
sudden,2589
suck,2588
successfully,2587
successful,2586
success,2585
succeed,2584
subtlety,2583
subtle,2582
subtitle,2581
substance,2580
subject matter,2579
subject,2578
sub,2577
stylish,2576
style,2575
stupidity,2574
stupid,2573
stunt,2572
stun,2571
stumble,2570
stuff,2569
study,2568
studio,2567
student,2566
struggle,2565
structure,2564
strongly,2563
strong,2562
strip,2561
string,2560
strike,2559
stretch,2558
strength,2557
street,2556
stranger,2555
strangely,2554
strange,2553
straight,2552
storytelling,2551
storyline,2550
story tell,2549
story movie,2548
story make,2547
story line,2546
story film,2545
story character,2544
story,2543
storm,2542
store,2541
stop,2540
stooge,2539
stone,2538
stomach,2537
stock,2536
stink,2535
stick,2534
stewart,2533
steven,2532
steve,2531
stereotypical,2530
stereotype,2529
stephen,2528
step,2527
steal,2526
stay away,2525
stay,2524
status,2523
station,2522
statement,2521
state,2520
start finish,2519
start,2518
star war,2517
star trek,2516
star,2515
stanwyck,2514
standard,2513
stand,2512
stan,2511
stalk,2510
stage,2509
stag,2508
stab,2507
spy,2506
spring,2505
spot,2504
sport,2503
spoof,2502
spoiler,2501
spoil,2500
split,2499
spite,2498
spirit,2497
spin,2496
spend time,2495
spend,2494
spell,2493
speed,2492
speech,2491
spectacular,2490
specific,2489
special effect,2488
special,2487
speak,2486
spark,2485
spanish,2484
space,2483
soviet,2482
southern,2481
south,2480
source,2479
soundtrack,2478
sound like,2477
sound effect,2476
sound,2475
soul,2474
sort,2473
sorry,2472
soon,2471
song,2470
son,2469
somewhat,2468
somebody,2467
solve,2466
solid,2465
soldier,2464
soft,2463
society,2462
social,2461
soap opera,2460
soap,2459
snow,2458
sneak,2457
snake,2456
smoking,2455
smoke,2454
smith,2453
smile,2452
smart,2451
small town,2450
small,2449
slowly,2448
slow,2447
slip,2446
slightly,2445
slight,2444
sleeping,2443
sleep,2442
sleazy,2441
slave,2440
slaughter,2439
slasher,2438
slapstick,2437
slap,2436
sky,2435
skip,2434
skin,2433
skill,2432
size,2431
situation,2430
site,2429
sitcom,2428
sit,2427
sister,2426
sir,2425
sink,2424
sinister,2423
single,2422
singer,2421
sing,2420
sinatra,2419
sin,2418
simpson,2417
simply,2416
simple,2415
simon,2414
similarity,2413
similar,2412
silver,2411
silly,2410
silent,2409
silence,2408
significant,2407
sign,2406
sight,2405
sidney,2404
sick,2403
shy,2402
shut,2401
shower,2400
shout,2399
shoulder,2398
shot,2397
short film,2396
short,2395
shop,2394
shoot,2393
shoe,2392
shock,2391
shirt,2390
ship,2389
shin,2388
shift,2387
sheriff,2386
shelf,2385
sheer,2384
sharp,2383
shark,2382
share,2381
shape,2380
shame,2379
shallow,2378
shakespeare,2377
shake,2376
shadow,2375
sexy,2374
sexuality,2373
sexual,2372
sex scene,2371
sex,2370
seven,2369
settle,2368
setting,2367
set,2366
service,2365
serve,2364
seriously,2363
series,2362
serial killer,2361
serial,2360
sequence,2359
sequel,2358
separate,2357
sentence,2356
sensitive,2355
sense,2354
send,2353
semi,2352
sell,2351
self,2350
segment,2349
seemingly,2348
seek,2347
security,2346
section,2345
secret,2344
second time,2343
second half,2342
second,2341
seat,2340
season,2339
search,2338
sean,2337
seagal,2336
sea,2335
script,2334
screw,2333
screenwriter,2332
screenplay,2331
screen time,2330
screen,2329
scream,2328
scratch,2327
scott,2326
score,2325
scientist,2324
science fiction,2323
science,2322
sci,2321
school,2320
scheme,2319
scenery,2318
scene movie,2317
scene make,2316
scene film,2315
scene,2314
scenario,2313
scary,2312
scarecrow,2311
scare,2310
scar,2309
scale,2308
say movie,2307
say like,2306
say film,2305
say,2304
saw movie,2303
saw film,2302
saw,2301
save,2300
savage,2299
saturday,2298
satisfy,2297
satire,2296
satan,2295
sarah,2294
santa,2293
sandra,2292
san,2291
sam,2290
sally,2289
sake,2288
safe,2287
sadly,2286
sad,2285
sacrifice,2284
ryan,2283
russian,2282
russell,2281
rush,2280
run time,2279
run away,2278
run,2277
rule,2276
ruin,2275
rubbish,2274
roy,2273
row,2272
routine,2271
round,2270
rough,2269
root,2268
room,2267
ron,2266
romantic comedy,2265
romantic,2264
romance,2263
roll,2262
role play,2261
role,2260
roger,2259
rock,2258
robot,2257
robin,2256
robert,2255
rob,2254
road,2253
river,2252
rival,2251
risk,2250
rise,2249
rip,2248
ring,2247
right,2246
ridiculous,2245
ride,2244
rid,2243
richard,2242
rich,2241
reynolds,2240
reward,2239
revolve,2238
revolution,2237
reviewer,2236
review,2235
revenge,2234
revelation,2233
reveal,2232
return,2231
retard,2230
result,2229
restaurant,2228
rest movie,2227
rest film,2226
rest cast,2225
rest,2224
responsible,2223
response,2222
respect,2221
resort,2220
resemble,2219
research,2218
rescue,2217
require,2216
reputation,2215
represent,2214
reporter,2213
report,2212
replace,2211
repeat,2210
rental,2209
rent movie,2208
rent,2207
render,2206
remove,2205
remotely,2204
remote,2203
reminiscent,2202
remind,2201
remember,2200
remarkable,2199
remake,2198
remain,2197
rely,2196
religious,2195
religion,2194
relief,2193
release,2192
relax,2191
relatively,2190
relative,2189
relationship,2188
relation,2187
relate,2186
reject,2185
regular,2184
regret,2183
regardless,2182
regard,2181
refuse,2180
refresh,2179
reflect,2178
reference,2177
refer,2176
reel,2175
reduce,2174
redeem,2173
red,2172
record,2171
recommend movie,2170
recommend film,2169
recommend,2168
recognize,2167
recently,2166
recent,2165
receive,2164
recall,2163
rebel,2162
reason watch,2161
reason,2160
really want,2159
really think,2158
really really,2157
really need,2156
really make,2155
really like,2154
really know,2153
really great,2152
really good,2151
really funny,2150
really enjoy,2149
really care,2148
really bad,2147
really,2146
realize,2145
reality,2144
realistic,2143
realism,2142
realise,2141
real life,2140
real,2139
ready,2138
reader,2137
read review,2136
read book,2135
read,2134
reaction,2133
react,2132
reach,2131
ray,2130
raw,2129
rate,2128
rat,2127
rarely,2126
rare,2125
rape,2124
rap,2123
rank,2122
ranger,2121
range,2120
random,2119
raise,2118
rain,2117
radio,2116
racist,2115
racism,2114
rachel,2113
race,2112
rabbit,2111
quote,2110
quite good,2109
quite,2108
quirky,2107
quiet,2106
quickly,2105
quick,2104
question,2103
quest,2102
queen,2101
quality,2100
puzzle,2099
push,2098
pursue,2097
purpose,2096
purely,2095
pure,2094
purchase,2093
puppet,2092
punk,2091
punch,2090
pulp,2089
pull,2088
public,2087
psychological,2086
psycho,2085
provoke,2084
provide,2083
prove,2082
proud,2081
protect,2080
protagonist,2079
prostitute,2078
properly,2077
proper,2076
propaganda,2075
prop,2074
proof,2073
promote,2072
promise,2071
project,2070
progress,2069
program,2068
profound,2067
professor,2066
professional,2065
production value,2064
production,2063
product,2062
producer,2061
produce,2060
process,2059
proceed,2058
problem,2057
probably best,2056
probably,2055
pro,2054
private,2053
prisoner,2052
prison,2051
prior,2050
print,2049
principal,2048
princess,2047
prince,2046
prime,2045
priest,2044
price,2043
previously,2042
previous,2041
preview,2040
prevent,2039
pretty good,2038
pretty bad,2037
pretty,2036
pretentious,2035
pretend,2034
press,2033
president,2032
presentation,2031
present,2030
presence,2029
prepare,2028
premise,2027
prejudice,2026
pregnant,2025
prefer,2024
predictable,2023
predator,2022
pre,2021
praise,2020
practice,2019
practically,2018
powerful,2017
power,2016
powell,2015
pound,2014
potential,2013
poster,2012
post,2011
possibly,2010
possible,2009
possibility,2008
possess,2007
positive,2006
position,2005
pose,2004
portrayal,2003
portray,2002
portrait,2001
porn,2000
popular,1999
pop,1998
poorly,1997
poor,1996
pool,1995
politics,1994
political,1993
polish,1992
police,1991
pointless,1990
point view,1989
point movie,1988
point film,1987
point,1986
poignant,1985
plus,1984
plot twist,1983
plot movie,1982
plot line,1981
plot hole,1980
plot,1979
plenty,1978
pleasure,1977
pleasant,1976
player,1975
play role,1974
play,1973
plastic,1972
plant,1971
planet,1970
plane,1969
plan,1968
plain,1967
plague,1966
place,1965
pity,1964
pitt,1963
pitch,1962
pilot,1961
pile,1960
piece crap,1959
piece,1958
pie,1957
picture,1956
pick,1955
piano,1954
physically,1953
physical,1952
photography,1951
photograph,1950
photo,1949
phone,1948
philip,1947
peter,1946
pet,1945
perspective,1944
personally,1943
personality,1942
personal,1941
persona,1940
person,1939
period,1938
performer,1937
performance,1936
perform,1935
perfectly,1934
perfection,1933
perfect,1932
people think,1931
people say,1930
people movie,1929
people make,1928
people like,1927
people know,1926
people,1925
peak,1924
peace,1923
pay attention,1922
pay,1921
paul,1920
patrick,1919
patient,1918
pathetic,1917
path,1916
pat,1915
past,1914
passion,1913
pass,1912
party,1911
partner,1910
particularly,1909
particular,1908
parody,1907
parker,1906
park,1905
paris,1904
parent,1903
parallel,1902
par,1901
paper,1900
pan,1899
pal,1898
pair,1897
painting,1896
paint,1895
painfully,1894
painful,1893
pain,1892
page,1891
pack,1890
pacino,1889
pace,1888
owner,1887
overwhelm,1886
overly,1885
overlook,1884
overcome,1883
overall,1882
outstanding,1881
outside,1880
outrageous,1879
outfit,1878
oscar,1877
originally,1876
originality,1875
original film,1874
original,1873
ordinary,1872
order,1871
opposite,1870
oppose,1869
opportunity,1868
opinion,1867
opera,1866
opening scene,1865
opening credit,1864
opening,1863
open,1862
oliver,1861
old man,1860
old,1859
okay,1858
oil,1857
official,1856
officer,1855
office,1854
offer,1853
offensive,1852
offend,1851
oddly,1850
odd,1849
ocean,1848
occur,1847
occasionally,1846
occasional,1845
occasion,1844
obviously,1843
obvious,1842
obsession,1841
obsess,1840
obnoxious,1839
object,1838
nut,1837
nurse,1836
numerous,1835
number,1834
nudity,1833
nude,1832
nuclear,1831
nowadays,1830
novel,1829
notorious,1828
notice,1827
note,1826
notch,1825
notable,1824
nose,1823
north,1822
norman,1821
normally,1820
normal,1819
nonsense,1818
nonetheless,1817
non existent,1816
non,1815
nomination,1814
nominate,1813
noise,1812
noir,1811
ninja,1810
nightmare,1809
night,1808
nick,1807
nicely,1806
nice,1805
newspaper,1804
news,1803
new york,1802
new,1801
network,1800
neighborhood,1799
neighbor,1798
negative,1797
needle,1796
need,1795
neck,1794
necessary,1793
necessarily,1792
neat,1791
nearly,1790
near end,1789
near,1788
nazi,1787
navy,1786
nature,1785
naturally,1784
natural,1783
native,1782
national,1781
nation,1780
nasty,1779
narrative,1778
narration,1777
nancy,1776
naked,1775
naive,1774
nail,1773
mystery,1772
mysterious,1771
musician,1770
musical,1769
music,1768
murphy,1767
murderer,1766
murder,1765
mummy,1764
multiple,1763
multi,1762
mst,1761
movie year,1760
movie worth,1759
movie way,1758
movie watch,1757
movie want,1756
movie try,1755
movie time,1754
movie think,1753
movie thing,1752
movie story,1751
movie start,1750
movie star,1749
movie say,1748
movie saw,1747
movie really,1746
movie quite,1745
movie probably,1744
movie pretty,1743
movie plot,1742
movie play,1741
movie people,1740
movie movie,1739
movie mean,1738
movie make,1737
movie love,1736
movie lot,1735
movie look,1734
movie long,1733
movie little,1732
movie like,1731
movie know,1730
movie great,1729
movie good,1728
movie funny,1727
movie film,1726
movie feel,1725
movie fan,1724
movie end,1723
movie come,1722
movie character,1721
movie big,1720
movie best,1719
movie base,1718
movie bad,1717
movie actually,1716
movie act,1715
movement,1714
mouth,1713
mouse,1712
mountain,1711
motivation,1710
motion picture,1709
motion,1708
motif,1707
mother,1706
morning,1705
morgan,1704
moral,1703
moore,1702
moon,1701
mood,1700
month,1699
monster,1698
monkey,1697
money,1696
moment film,1695
moment,1694
mom,1693
modern,1692
model,1691
mob,1690
mix,1689
mitchell,1688
mistake,1687
mission,1686
miss,1685
miserably,1684
miscast,1683
mirror,1682
minute movie,1681
minute film,1680
minute,1679
minor,1678
mini,1677
mindless,1676
mind,1675
min,1674
million dollar,1673
million,1672
miller,1671
military,1670
mile,1669
mildly,1668
mike,1667
midnight,1666
middle age,1665
middle,1664
mid,1663
mickey,1662
michelle,1661
michael,1660
mgm,1659
mexico,1658
mexican,1657
method,1656
metal,1655
message,1654
mess,1653
merit,1652
merely,1651
mere,1650
mention,1649
mentally,1648
mental,1647
menace,1646
men,1645
memory,1644
memorable,1643
member,1642
melodrama,1641
meet,1640
medium,1639
mediocre,1638
medical,1637
meat,1636
measure,1635
meaningful,1634
mean,1633
maybe,1632
max,1631
mature,1630
matthew,1629
matthau,1628
matter,1627
matt,1626
matrix,1625
material,1624
mate,1623
match,1622
masterpiece,1621
master,1620
massive,1619
massacre,1618
mass,1617
mask,1616
mary,1615
marvelous,1614
martin,1613
martial art,1612
martial,1611
marry,1610
marriage,1609
market,1608
mark,1607
marie,1606
maria,1605
march,1604
mar,1603
manner,1602
manager,1601
manage,1600
man,1599
male,1598
makeup,1597
maker,1596
make wonder,1595
make want,1594
make think,1593
make sure,1592
make sense,1591
make movie,1590
make look,1589
make like,1588
make laugh,1587
make great,1586
make good,1585
make fun,1584
make film,1583
make feel,1582
make bad,1581
make,1580
majority,1579
major,1578
maintain,1577
mainstream,1576
mainly,1575
main character,1574
main,1573
magnificent,1572
magical,1571
magic,1570
magazine,1569
madness,1568
mad,1567
machine,1566
lynch,1565
luke,1564
lugosi,1563
ludicrous,1562
lucy,1561
lucky,1560
luck,1559
lower,1558
low budget,1557
low,1556
lover,1555
lovely,1554
love story,1553
love movie,1552
love film,1551
love,1550
lovable,1549
lousy,1548
louis,1547
loud,1546
lot people,1545
lot fun,1544
lot,1543
loss,1542
loser,1541
lose,1540
los,1539
lord,1538
loose,1537
look movie,1536
look like,1535
look good,1534
look forward,1533
look film,1532
look,1531
long time,1530
long,1529
lonely,1528
london,1527
logic,1526
lock,1525
location,1524
local,1523
load,1522
lloyd,1521
live,1520
little girl,1519
little bit,1518
little,1517
literally,1516
listen,1515
list,1514
lisa,1513
lip,1512
lion,1511
link,1510
liner,1509
line,1508
limit,1507
likely,1506
like watch,1505
like think,1504
like say,1503
like movie,1502
like make,1501
like good,1500
like film,1499
like,1498
likable,1497
light,1496
lift,1495
lifetime,1494
life,1493
lie,1492
lewis,1491
level,1490
letter,1489
let say,1488
let,1487
lesson,1486
leslie,1485
lesbian,1484
length,1483
lend,1482
legendary,1481
legend,1480
leg,1479
lee,1478
leave,1477
learn,1476
league,1475
leader,1474
lead role,1473
lead character,1472
lead actor,1471
lead,1470
lazy,1469
layer,1468
lay,1467
lawyer,1466
law,1465
laurel,1464
laura,1463
laughter,1462
laughable,1461
laugh loud,1460
laugh,1459
late night,1458
late film,1457
late,1456
larry,1455
largely,1454
large,1453
language,1452
lane,1451
landscape,1450
land,1449
lame,1448
lake,1447
lady,1446
lack,1445
label,1444
kung,1443
korean,1442
kong,1441
knowledge,1440
know movie,1439
know film,1438
know,1437
knock,1436
knight,1435
knife,1434
kiss,1433
king,1432
kinda,1431
kind movie,1430
kind,1429
kim,1428
killer,1427
kill people,1426
kill,1425
kidnap,1424
kid,1423
kick,1422
khan,1421
key,1420
kevin,1419
kennedy,1418
kelly,1417
keaton,1416
kate,1415
karen,1414
kane,1413
justify,1412
justice,1411
junk,1410
jungle,1409
jump,1408
julie,1407
julia,1406
judge,1405
joy,1404
journey,1403
joseph,1402
jones,1401
jonathan,1400
jon,1399
joke,1398
join,1397
johnson,1396
johnny,1395
john,1394
joe,1393
job,1392
joan,1391
jimmy,1390
jim,1389
jewish,1388
jew,1387
jesus,1386
jessica,1385
jerry,1384
jerk,1383
jennifer,1382
jeff,1381
jean,1380
jay,1379
jaw,1378
jason,1377
jar,1376
japanese,1375
japan,1374
jane,1373
jamie,1372
james,1371
jail,1370
jackson,1369
jackie,1368
jack,1367
italy,1366
italian,1365
issue,1364
island,1363
irritate,1362
irony,1361
ironic,1360
iron,1359
irish,1358
involve,1357
invite,1356
invisible,1355
investigation,1354
investigate,1353
invent,1352
introduction,1351
introduce,1350
intrigue,1349
interview,1348
interpretation,1347
internet,1346
international,1345
interaction,1344
intention,1343
intent,1342
intensity,1341
intense,1340
intend,1339
intelligent,1338
intelligence,1337
intellectual,1336
insult,1335
instead,1334
instantly,1333
instance,1332
inspire,1331
inspiration,1330
insist,1329
insight,1328
inside,1327
insane,1326
innocent,1325
innocence,1324
inner,1323
initially,1322
initial,1321
information,1320
inform,1319
influence,1318
inept,1317
industry,1316
induce,1315
individual,1314
indie,1313
indian,1312
india,1311
independent,1310
incredibly,1309
incredible,1308
increase,1307
include,1306
incident,1305
improve,1304
impressive,1303
impression,1302
impress,1301
impossible,1300
important,1299
importance,1298
imply,1297
impact,1296
immediately,1295
imdb,1294
imagine,1293
imaginative,1292
imagination,1291
imagery,1290
image,1289
ill,1288
ignore,1287
idiotic,1286
idiot,1285
identity,1284
identify,1283
ideal,1282
idea,1281
ice,1280
hype,1279
husband,1278
hurt,1277
hunter,1276
hunt,1275
humour,1274
humorous,1273
humor,1272
humanity,1271
human,1270
huge,1269
howard,1268
house,1267
hour half,1266
hour,1265
hotel,1264
hot,1263
host,1262
hospital,1261
horse,1260
horror movie,1259
horror flick,1258
horror film,1257
horror fan,1256
horror,1255
horrify,1254
horrific,1253
horribly,1252
horrible,1251
hopefully,1250
hope,1249
hop,1248
hook,1247
hood,1246
honor,1245
hong kong,1244
hong,1243
honestly,1242
honest,1241
home,1240
homage,1239
holmes,1238
hollywood,1237
holly,1236
holiday,1235
hole,1234
hold,1233
hoffman,1232
hitler,1231
hitchcock,1230
hit,1229
history,1228
historical,1227
hire,1226
hip,1225
hint,1224
hill,1223
hilarious,1222
highly recommend,1221
highly,1220
highlight,1219
high school,1218
high,1217
hide,1216
hey,1215
heroine,1214
heroic,1213
hero,1212
henry,1211
help,1210
hell,1209
helen,1208
heist,1207
heck,1206
heavy,1205
heavily,1204
heaven,1203
heat,1202
hearted,1201
heart,1200
hearing,1199
hear,1198
head,1197
hbo,1196
haunt,1195
hate,1194
hat,1193
harsh,1192
harry,1191
harris,1190
hardy,1189
hardly,1188
hard believe,1187
hard,1186
happy ending,1185
happy,1184
happiness,1183
happily,1182
happen,1181
hank,1180
hang,1179
handsome,1178
handle,1177
hand,1176
hammer,1175
halloween,1174
hall,1173
halfway,1172
half hour,1171
half,1170
hair,1169
hack,1168
guy,1167
gut,1166
gun,1165
guilty,1164
guilt,1163
guide,1162
guest,1161
guess,1160
guard,1159
guarantee,1158
gruesome,1157
grow,1156
group,1155
gross,1154
gritty,1153
grip,1152
grind,1151
grim,1150
green,1149
greek,1148
greatly,1147
greatest,1146
great story,1145
great performance,1144
great movie,1143
great job,1142
great film,1141
great deal,1140
great actor,1139
great act,1138
great,1137
gray,1136
grave,1135
gratuitous,1134
graphic,1133
grant,1132
grand,1131
grade,1130
grace,1129
grab,1128
government,1127
gotta,1126
gory,1125
gorgeous,1124
gore,1123
gordon,1122
goofy,1121
good time,1120
good thing,1119
good story,1118
good reason,1117
good performance,1116
good movie,1115
good look,1114
good laugh,1113
good job,1112
good idea,1111
good guy,1110
good film,1109
good bad,1108
good actor,1107
good act,1106
good,1105
gonna,1104
golden,1103
gold,1102
godfather,1101
god,1100
goal,1099
glory,1098
glimpse,1097
glass,1096
glad,1095
girlfriend,1094
girl,1093
gift,1092
giant,1091
ghost,1090
germany,1089
german,1088
george,1087
genuinely,1086
genuine,1085
gentleman,1084
genre,1083
genius,1082
generation,1081
generate,1080
generally,1079
general,1078
gene,1077
gem,1076
gay,1075
gather,1074
gate,1073
gas,1072
gary,1071
garbage,1070
gangster,1069
gang,1068
game,1067
gain,1066
gag,1065
future,1064
funny movie,1063
funny,1062
funniest,1061
funnier,1060
fund,1059
fun watch,1058
fun,1057
fully,1056
fulci,1055
frustrate,1054
frighten,1053
friendship,1052
friendly,1051
friend,1050
friday,1049
fresh,1048
frequently,1047
french,1046
freeze,1045
freeman,1044
freedom,1043
free,1042
freddy,1041
fred,1040
freak,1039
frankly,1038
frank,1037
franchise,1036
france,1035
frame,1034
fox,1033
fourth,1032
foster,1031
forward,1030
fortune,1029
fortunately,1028
forth,1027
formula,1026
format,1025
form,1024
forgive,1023
forgettable,1022
forget,1021
forever,1020
forest,1019
foreign,1018
ford,1017
force,1016
football,1015
footage,1014
foot,1013
fool,1012
food,1011
follow,1010
folk,1009
focus,1008
flynn,1007
fly,1006
flow,1005
flop,1004
floor,1003
float,1002
flight,1001
flick,1000
flesh,999
flaw,998
flat,997
flashback,996
flash,995
fix,994
fit,993
fish,992
finish,991
finger,990
fine,989
finally,988
finale,987
final scene,986
final,985
filmmaker,984
film year,983
film worth,982
film work,981
film way,980
film watch,979
film want,978
film try,977
film time,976
film think,975
film story,974
film start,973
film star,972
film set,971
film say,970
film release,969
film really,968
film quite,967
film plot,966
film noir,965
film movie,964
film maker,963
film make,962
film lot,961
film look,960
film little,959
film like,958
film know,957
film great,956
film good,955
film film,954
film festival,953
film feel,952
film end,951
film director,950
film come,949
film character,948
film best,947
film begin,946
film base,945
film bad,944
film actually,943
film act,942
file,941
figure,940
fighter,939
fight scene,938
fight,937
field,936
fictional,935
fiction,934
fetch,933
festival,932
fest,931
female,930
felt like,929
felt,928
fellow,927
fell,926
feel like,925
feel good,924
feel,923
feed,922
feature film,921
feature,920
fear,919
fbi,918
favourite,917
favorite movie,916
favorite,915
favor,914
fault,913
father,912
fate,911
fat,910
fast pace,909
fast forward,908
fast,907
fashion,906
fascinate,905
farm,904
fare,903
far,902
fantasy,901
fantastic,900
fancy,899
fan,898
famous,897
family,896
familiar,895
fame,894
false,893
fall love,892
fall,891
fake,890
faithful,889
faith,888
fairy,887
fairly,886
fair,885
failure,884
fail,883
fade,882
factor,881
fact,880
facial,879
face,878
fabulous,877
eye,876
extremely,875
extreme,874
extraordinary,873
extra,872
extent,871
extend,870
expression,869
express,868
expose,867
explosion,866
explore,865
exploitation,864
exploit,863
explode,862
explanation,861
explain,860
expert,859
experiment,858
experience,857
expectation,856
expect,855
existent,854
existence,853
exist,852
exercise,851
executive,850
execution,849
execute,848
excuse,847
excitement,846
excite,845
exchange,844
exceptional,843
exception,842
excellent,841
example,840
exaggerate,839
exactly,838
exact,837
evil,836
evidence,835
everyday,834
everybody,833
eventually,832
event,831
evening,830
european,829
europe,828
establish,827
essentially,826
essential,825
essence,824
especially,823
escape,822
error,821
erotic,820
eric,819
era,818
equally,817
equal,816
episode,815
epic,814
environment,813
entry,812
entirely,811
entire movie,810
entire film,809
entire,808
entertainment,807
entertain,806
enter,805
ensue,804
ensemble,803
enjoyment,802
enjoyable,801
enjoy watch,800
enjoy movie,799
enjoy film,798
enjoy,797
enhance,796
english,795
england,794
engage,793
energy,792
enemy,791
endure,790
endless,789
ending,788
endear,787
end movie,786
end film,785
end,784
encourage,783
encounter,782
employ,781
emotionally,780
emotional,779
emotion,778
emma,777
emily,776
emerge,775
embarrass,774
elizabeth,773
element,772
ego,771
effort,770
effectively,769
effective,768
effect,767
edward,766
editor,765
edit,764
edge,763
eddie,762
eat,761
easy,760
eastwood,759
east,758
easily,757
earth,756
earn,755
early film,754
early,753
ear,752
dynamic,751
dvd,750
duty,749
dump,748
dumb,747
dull,746
duke,745
dude,744
dub,743
dry,742
drug,741
drop,740
driver,739
drive,738
drink,737
dress,736
dream,735
dreadful,734
draw,733
dramatic,732
drama,731
dragon,730
drag,729
dracula,728
dozen,727
downright,726
douglas,725
doubt,724
double,723
door,722
doom,721
donald,720
dominate,719
dollar,718
doll,717
dog,716
documentary,715
doctor,714
divorce,713
disturb,712
distract,711
distance,710
display,709
disney,708
dislike,707
disgust,706
disguise,705
discussion,704
discovery,703
discover,702
disc,701
disbelief,700
disaster,699
disappointment,698
disappoint,697
disappear,696
disagree,695
dirty,694
director,693
directly,692
direction,691
direct,690
dinosaur,689
dinner,688
dimensional,687
dig,686
difficult,685
different,684
difference,683
die hard,682
die,681
dick,680
diane,679
diamond,678
dialogue,677
dialog,676
devote,675
devil,674
device,673
development,672
develop,671
determine,670
detective,669
destruction,668
destroy,667
despite,666
desperately,665
desperate,664
desire,663
design,662
deserve,661
desert,660
description,659
depth,658
depress,657
depiction,656
depict,655
depend,654
department,653
deny,652
dennis,651
demonstrate,650
demon,649
demand,648
delivery,647
deliver,646
delightful,645
delight,644
degree,643
definitely worth,642
definitely,641
define,640
defend,639
defeat,638
deeply,637
deep,636
decision,635
decide,634
decent,633
decade,632
debut,631
death,630
dear,629
dean,628
deal,627
deadly,626
dead,625
day,624
dawn,623
davis,622
david,621
dave,620
daughter,619
date,618
darkness,617
dark,616
dare,615
danny,614
daniel,613
dangerous,612
danger,611
dancer,610
dance,609
dan,608
damn,607
damage,606
daily,605
dad,604
cynical,603
cute,602
cut,601
curse,600
current,599
curious,598
cure,597
culture,596
cultural,595
cult,594
crush,593
cruel,592
crude,591
crowd,590
cross,589
criticism,588
critical,587
critic,586
crisis,585
cringe,584
criminal,583
crime,582
crew,581
creepy,580
creep,579
credit,578
credible,577
credibility,576
creature,575
creator,574
creative,573
creation,572
create,571
crazy,570
crash,569
crappy,568
crap,567
craft,566
crack,565
cowboy,564
cover,563
cousin,562
court,561
course,560
courage,559
couple,558
country,557
count,556
costume,555
cost,554
corrupt,553
correct,552
corny,551
corner,550
core,549
copy,548
cop,547
cooper,546
cool,545
cook,544
convince,543
convict,542
convey,541
conversation,540
controversial,539
control,538
contrive,537
contribute,536
contrast,535
continuity,534
continue,533
context,532
content,531
contemporary,530
contain,529
contact,528
construct,527
constantly,526
constant,525
conspiracy,524
consist,523
consider,522
consequence,521
connery,520
connection,519
connect,518
confusion,517
confuse,516
confront,515
conflict,514
condition,513
conclusion,512
concert,511
concern,510
concept,509
concentrate,508
conceive,507
computer,506
complicate,505
complex,504
completely,503
complete,502
complaint,501
complain,500
competition,499
competent,498
compel,497
comparison,496
compare,495
company,494
community,493
common,492
commit,491
commercial,490
commentary,489
comment,488
command,487
comical,486
comic book,485
comic,484
comedy,483
comedic,482
comedian,481
come close,480
come,479
combine,478
combination,477
com,476
columbo,475
colour,474
colorful,473
color,472
college,471
collection,470
collect,469
cold,468
code,467
coach,466
clue,465
club,464
clothe,463
closely,462
close,461
clip,460
climax,459
cliche,458
clich,457
clever,456
clearly,455
clear,454
clean,453
classic,452
class,451
clark,450
claim,449
civil war,448
civil,447
city,446
citizen,445
circumstance,444
circle,443
cinematography,442
cinematic,441
cinema,440
church,439
chuckle,438
chuck,437
christopher,436
christmas,435
christian,434
christ,433
chris,432
chosen,431
chop,430
choose,429
choice,428
chinese,427
china,426
chill,425
childhood,424
child,423
chief,422
chick,421
chemistry,420
cheesy,419
cheese,418
cheer,417
cheek,416
check,415
cheat,414
cheap,413
chase,412
charm,411
charlie,410
charles,409
charge,408
characterization,407
character play,406
character movie,405
character make,404
character like,403
character film,402
character development,401
character actor,400
character,399
chaplin,398
channel,397
change,396
chance,395
chan,394
challenge,393
chair,392
chain,391
cgi,390
certainly,389
certain,388
century,387
central,386
center,385
cell,384
cave,383
cause,382
catholic,381
catherine,380
category,379
catch,378
cat,377
castle,376
cast member,375
cast,374
cash,373
case,372
cartoon,371
carry,370
carpenter,369
caricature,368
carefully,367
career,366
care,365
card,364
car,363
capture,362
captivate,361
captain,360
capable,359
candy,358
cancel,357
canadian,356
campy,355
camp,354
cameron,353
camera work,352
camera,351
cameo,350
california,349
caine,348
cage,347
cable,346
buy dvd,345
buy,344
button,343
butt,342
busy,341
business,340
bush,339
bus,338
bury,337
burton,336
burt,335
burn,334
bunch,333
bully,332
bullet,331
build,330
bug,329
buff,328
budget movie,327
budget film,326
budget,325
buddy,324
buck,323
brutal,322
bruce,321
brown,320
brother,319
brook,318
broadway,317
broadcast,316
broad,315
british,314
britain,313
bring,312
brilliantly,311
brilliant,310
bright,309
briefly,308
brief,307
bridge,306
bride,305
brian,304
breathtaking,303
breath,302
breast,301
break,300
brave,299
brand,298
brain,297
brad,296
boyfriend,295
boy,294
box office,293
box,292
bother,291
bos,290
borrow,289
boring,288
boredom,287
bore,286
border,285
boot,284
book,283
bone,282
bond,281
bomb,280
bollywood,279
body,278
bobby,277
bob,276
boat,275
board,274
blue,273
blow away,272
blow,271
bloody,270
blood,269
blonde,268
blockbuster,267
block,266
blind,265
blend,264
bland,263
blame,262
blair,261
blah,260
blade,259
black white,258
black,257
bizarre,256
bitter,255
bite,254
bit,253
birthday,252
birth,251
bird,250
bind,249
billy,248
big screen,247
big fan,246
big budget,245
big,244
bible,243
betty,242
bet,241
best thing,240
best performance,239
best movie,238
best friend,237
best film,236
best,235
bergman,234
benefit,233
bend,232
ben,231
beloved,230
belong,229
bell,228
believe,227
believable,226
belief,225
behavior,224
behave,223
begin end,222
begin,221
beg,220
beer,219
bed,218
beauty,217
beautifully,216
beautiful,215
beat,214
beast,213
bear,212
beach,211
bbc,210
battle,209
batman,208
bath,207
bat,206
basis,205
basically,204
basic,203
basement,202
baseball,201
base,200
barry,199
barely,198
bare,197
barbara,196
bar,195
bank,194
bang,193
band,192
ball,191
balance,190
bag,189
badly,188
bad thing,187
bad movie,186
bad guy,185
bad good,184
bad film,183
bad bad,182
bad act,181
bad,180
background,179
backdrop,178
baby,177
awkward,176
awful,175
awesome,174
away,173
aware,172
award,171
avoid,170
average,169
available,168
authority,167
author,166
authentic,165
australian,164
australia,163
aunt,162
audience,161
attractive,160
attraction,159
attract,158
attitude,157
attention,156
attend,155
attempt,154
attack,153
attach,152
atrocious,151
atmospheric,150
atmosphere,149
assure,148
assume,147
associate,146
assistant,145
assassin,144
aspect,143
asleep,142
ask,141
aside,140
asian,139
ashamed,138
artistic,137
artist,136
arthur,135
art,134
arrive,133
arrest,132
arnold,131
army,130
arm,129
argument,128
argue,127
area,126
appropriate,125
approach,124
appreciate,123
apply,122
appearance,121
appear,120
appeal,119
apparently,118
apparent,117
appal,116
ape,115
apartment,114
apart,113
anymore,112
anybody,111
anti,110
anthony,109
answer,108
annoying,107
annoy,106
anne,105
anna,104
ann,103
anime,102
animation,101
animate,100
animal,99
angry,98
angle,97
anger,96
angel,95
andy,94
andrew,93
anderson,92
ancient,91
amuse,90
american,89
america,88
amazingly,87
amaze,86
amateurish,85
amateur,84
alter,83
alright,82
allow,81
allen,80
alive,79
alike,78
alien,77
alice,76
alex,75
albert,74
albeit,73
alan,72
ala,71
aka,70
air,69
aim,68
aid,67
ahead,66
agree,65
ago,64
agent,63
age,62
afternoon,61
african,60
africa,59
afraid,58
affect,57
affair,56
advise,55
advice,54
adventure,53
advantage,52
advance,51
adult,50
admit,49
admire,48
address,47
addition,46
addict,45
add,44
adaptation,43
adapt,42
adam,41
actually make,40
actually,39
actual,38
actress,37
actor play,36
actor actress,35
actor,34
activity,33
action sequence,32
action scene,31
action movie,30
action film,29
action,28
act movie,27
act like,26
act good,25
act bad,24
act,23
achievement,22
achieve,21
accuse,20
accurate,19
account,18
accord,17
accomplish,16
accompany,15
accidentally,14
accident,13
acceptable,12
accept,11
accent,10
academy award,9
academy,8
abuse,7
absurd,6
absorb,5
absolutely,4
absolute,3
able,2
ability,1
abandon,0
